id,value
5/1/10,27.89141085972861
4/1/09,24.688827961744238
9/1/13,7.971515569725625
1/1/06,-0.6051649321272663
2/1/07,6.360827015631036
8/1/12,14.085938790622095
6/1/14,26.138966474701874
3/1/08,16.678815096667925
12/1/04,-4.144794683254531
7/1/11,20.827095763060697
